<?xml version="1.0" encoding="UTF-8"?>
<!DOCTYPE hibernate-configuration PUBLIC
        "-//Hibernate/Hibernate Configuration DTD 3.0//EN"
        "http://www.hibernate.org/dtd/hibernate-configuration-3.0.dtd">
<hibernate-configuration>
    <session-factory>

        <!--MySQL connection-->
        <property name="hibernate.hbm2ddl.auto"> update </property>
        <property name="connection.driver_class">com.mysql.cj.jdbc.Driver</property>
        <property name="connection.url">jdbc:mysql://localhost:3306/capstone</property>
        <property name="connection.username">root</property>
        <property name="connection.password">password</property>
        <property name="dialect">org.hibernate.dialect.MySQL5Dialect</property>

        <property name="hibernate.show_sql" >true </property>
        <property name="hibernate.format_sql" >true </property>
        <!-- Mapping entity file -->
        <mapping class="com.perscholas.AriMyreNailShop.models.Service"/>
        <mapping class="com.perscholas.AriMyreNailShop.models.Appointment"/>
        <mapping class="com.perscholas.AriMyreNailShop.models.GuestAccount"/>
        <mapping class="com.perscholas.AriMyreNailShop.models.PremiumAccount"/>
        <mapping class="com.perscholas.AriMyreNailShop.models.Account"/>
    </session-factory>
</hibernate-configuration>